{
    "0.2": {
        "0.9": [
            0.002331002331002331,
            0.007751937984496124,
            0.002331002331002331,
            0.006206971323250393,
            0.008537973654252724
        ]
    },
    "0.25": {
        "0.1": [
            0.004016064257028113,
            0.007450882450882451,
            0.005556943056943057,
            0.009458914579396507,
            0.005681818181818181
        ],
        "0.15": [
            0.006577974870657799,
            0.006493506493506493,
            0.0047619047619047615,
            0.006926406926406926,
            0.004545454545454546
        ],
        "0.2": [
            0.0024330900243309003,
            0.0024330900243309003,
            0.0075762071489328025,
            0.004866180048661801,
            0.005024841915085817
        ],
        "0.25": [
            0.005449530673072645,
            0.002824858757062147,
            0.0,
            0.0,
            0.0
        ],
        "0.3": [
            0.009206720071206051,
            0.0069466824220288615,
            0.003115264797507788,
            0.003115264797507788,
            0.0
        ],
        "0.75": [
            0.005555555555555556,
            0.0,
            0.008264462809917356,
            0.004016064257028113,
            0.00952570613030635
        ],
        "0.8": [
            0.00392156862745098,
            0.012172300242668577,
            0.00196078431372549,
            0.0059417706476530005,
            0.0130380217790883
        ]
    },
    "0.3": {
        "0.4": [
            0.010389070697626098,
            0.007416757571035271,
            0.0,
            0.005624642875694769,
            0.011000986961716275
        ],
        "0.45": [
            0.0076115933874554564,
            0.016712214988077057,
            0.014103233930820136,
            0.009285159285159285,
            0.011399472175334243
        ],
        "0.5": [
            0.013943630773957334,
            0.003717510614062338,
            0.0,
            0.007321114217665942,
            0.003717510614062338
        ],
        "0.55": [
            0.011389523699555154,
            0.00950640274041888,
            0.014928964492708136,
            0.01121503148996715,
            0.011574477692249471
        ],
        "0.6": [
            0.008630386902229911,
            0.00524629214757678,
            0.005076142131979696,
            0.012314077919925873,
            0.010540623006296636
        ]
    }
}