{
    "0.2": {
        "0.1": [
            0.0030864197530864196,
            0.0030581039755351682,
            0.0,
            0.0061167227833894494,
            0.009174826758924618
        ],
        "0.15": [
            0.0032051282051282055,
            0.009345794392523364,
            0.0,
            0.0063203930026359935,
            0.0063203930026359935
        ],
        "0.2": [
            0.0063797313797313805,
            0.0,
            0.0,
            0.006666666666666667,
            0.0032051282051282055
        ],
        "0.25": [
            0.0033003300330033004,
            0.0033003300330033004,
            0.0,
            0.006568303889212451,
            0.006568303889212451
        ]
    },
    "0.25": {
        "0.3": [
            0.011961149020792788,
            0.008602605461244204,
            0.00671708711909717,
            0.010137329693224348,
            0.005050505050505051
        ],
        "0.35": [
            0.006890657550344533,
            0.010344888983850579,
            0.01043036423353609,
            0.0053612003079638705,
            0.012242955199974625
        ],
        "0.4": [
            0.012610566579010279,
            0.007291417642840067,
            0.007291417642840067,
            0.0035460992907801418,
            0.010837516933620209
        ],
        "0.45": [
            0.0036429872495446266,
            0.01131243409069121,
            0.009296008692039753,
            0.0073466909532483304,
            0.009393474578979323
        ],
        "0.5": [
            0.0,
            0.005878083885746721,
            0.0038095238095238095,
            0.003820470717022441,
            0.005714285714285714
        ],
        "0.55": [
            0.010473925209791754,
            0.01019663067855839,
            0.010125339597072685,
            0.0059528053040564625,
            0.004172534293016221
        ],
        "0.6": [
            0.0065238744484027505,
            0.00408997955010225,
            0.006706994437055787,
            0.006472428164753665,
            0.006237861892451544
        ],
        "0.65": [
            0.004723178499559281,
            0.008801742919389979,
            0.00731128074639525,
            0.009533502968617472,
            0.002178649237472767
        ],
        "0.7": [
            0.0023148148148148147,
            0.004730273752012883,
            0.007485094688652001,
            0.004730273752012883,
            0.008264462809917356
        ],
        "0.75": [
            0.0,
            0.005272151371176127,
            0.002583979328165375,
            0.002976190476190476,
            0.0026881720430107525
        ],
        "0.8": [
            0.0032051282051282055,
            0.0,
            0.012673488590919784,
            0.01181878773621893,
            0.002777777777777778
        ],
        "0.85": [
            0.0,
            0.0026455026455026454,
            0.0036231884057971015,
            0.0026455026455026454,
            0.0026455026455026454
        ],
        "0.9": [
            0.006211180124223603,
            0.006427691849686734,
            0.0020703933747412005,
            0.004140786749482401,
            0.0045045045045045045
        ]
    }
}