{
    "0.25": {
        "0.1": [
            0.007621287344307987,
            0.0038106436721539933,
            0.0018726591760299626,
            0.011431931016461982,
            0.009559271840432019
        ],
        "0.15": [
            0.004219409282700422,
            0.004346841106674596,
            0.006456545748024806,
            0.00436027871585517,
            0.0065974151811795554
        ],
        "0.2": [
            0.004902225826800036,
            0.005017069352496275,
            0.004902225826800036,
            0.010070184483130786,
            0.0
        ],
        "0.25": [
            0.002824858757062147,
            0.0,
            0.005649717514124294,
            0.006166524580846831,
            0.002898550724637681
        ]
    },
    "0.3": {
        "0.3": [
            0.004895226364741737,
            0.010037177023896051,
            0.011576804670871273,
            0.006626309621366323,
            0.010173363948782202
        ],
        "0.35": [
            0.011161943491337317,
            0.005923980285398509,
            0.005697462617020375,
            0.005923980285398509,
            0.007628983038819104
        ],
        "0.4": [
            0.007102195716996476,
            0.008867285314479305,
            0.004301075268817204,
            0.011017822948887908,
            0.004301075268817204
        ],
        "0.45": [
            0.006090628552866656,
            0.0025445292620865138,
            0.0025445292620865138,
            0.0035460992907801418,
            0.005747126436781609
        ]
    },
    "0.35": {
        "0.55": [
            0.009856043502536839,
            0.008672554091958808,
            0.009710315864834276,
            0.01591893090355301,
            0.004090500813244969
        ],
        "0.6": [
            0.0019723865877712033,
            0.0023809523809523807,
            0.0019723865877712033,
            0.006975076205845437,
            0.01912062296677681
        ],
        "0.65": [
            0.004301075268817204,
            0.0,
            0.007250927776191835,
            0.011552003045009038,
            0.004301075268817204
        ],
        "0.7": [
            0.009456264775413711,
            0.0070921985815602835,
            0.008028462420710156,
            0.004166666666666667,
            0.0070921985815602835
        ],
        "0.75": [
            0.012441937624419377,
            0.0024330900243309003,
            0.0,
            0.009732360097323601,
            0.008654058836540588
        ],
        "0.85": [
            0.0,
            0.0020703933747412005,
            0.0062370600414078685,
            0.006211180124223603,
            0.004016064257028113
        ],
        "0.9": [
            0.0017094017094017094,
            0.0,
            0.005128205128205128,
            0.007003032809484423,
            0.012296663909567136
        ],
        "0.95": [
            0.013206360100663464,
            0.005052238236864181,
            0.008064516129032258,
            0.011862274079158087,
            0.007740410279874933
        ]
    }
}