{
    "0.2": {
        "0.95": [
            0.011576551423193414,
            0.005609690855592496,
            0.017398202009518773,
            0.015357619641067551,
            0.012167067904772823
        ]
    },
    "0.25": {
        "0.1": [
            0.006794871794871795,
            0.005042735042735043,
            0.015346378767431397,
            0.008549257759784075,
            0.008591992802519119
        ],
        "0.15": [
            0.0,
            0.009177054374794488,
            0.012584820494425013,
            0.016231728096134875,
            0.010821152064089916
        ],
        "0.2": [
            0.005651019378058683,
            0.00934517217886096,
            0.0020080321285140565,
            0.005888723433058075,
            0.003880691304544019
        ],
        "0.25": [
            0.0058055317935557455,
            0.0058055317935557455,
            0.0019960079840319364,
            0.0038095238095238095,
            0.006061776061776061
        ],
        "0.3": [
            0.010789117331663071,
            0.00869268127296286,
            0.007108967387021011,
            0.010840563615312155,
            0.002044989775051125
        ],
        "0.35": [
            0.0,
            0.0022371364653243847,
            0.01167373585137607,
            0.002207505518763797,
            0.0022371364653243847
        ],
        "0.4": [
            0.004797156218184328,
            0.002364066193853428,
            0.004797156218184328,
            0.0029239766081871343,
            0.007790156656848935
        ],
        "0.45": [
            0.0,
            0.014151402943123595,
            0.005803436840518541,
            0.0,
            0.005232701305097266
        ],
        "0.5": [
            0.009498480243161094,
            0.005952380952380952,
            0.002976190476190476,
            0.0035460992907801418,
            0.002777777777777778
        ],
        "0.85": [
            0.0030864197530864196,
            0.0,
            0.006253200722352498,
            0.0044742729306487695,
            0.00756069268373519
        ]
    }
}